sentence,page,topic,similarity
役職員がグローバルで一体となり、こうした世界的な流れに対応していくため、ORIX Group Purpose & Cultureを導入しました。,2,海洋資源の採取と利用,0.328
役職員がグローバルで一体となり、こうした世界的な流れに対応していくため、ORIX Group Purpose & Cultureを導入しました。,2,健康と安全,0.3139
役職員がグローバルで一体となり、こうした世界的な流れに対応していくため、ORIX Group Purpose & Cultureを導入しました。,2,企業文化,0.3523
"変化に 広い視野で時代の流れを捉え、
変化の兆しに対していち早く行動を起こし、 それが、私たちのパーパスです。",2,気候変動,0.3379
"変化に 広い視野で時代の流れを捉え、
変化の兆しに対していち早く行動を起こし、 それが、私たちのパーパスです。",2,気候変動への適応,0.41
"変化に 広い視野で時代の流れを捉え、
変化の兆しに対していち早く行動を起こし、 それが、私たちのパーパスです。",2,気候変動の緩和,0.3019
"変化に 広い視野で時代の流れを捉え、
変化の兆しに対していち早く行動を起こし、 それが、私たちのパーパスです。",2,健康と安全,0.3244
"である、とCEOは述べており、2023年11月に制定した「ORIX Group リスクマネジメント 50
Purpose ＆Culture」の浸透が有効だと考えています。",3,健康と安全,0.3494
取締役 兼 代表執行役社長 可能性があることを認識する必要があります。,4,平等と機会,0.3497
"て、いきいきとした社会、サステナブルな社会
▶ P.9 ESG関連の重要課題と重要目標 の実現を目指します。",9,健康と安全,0.3163
"3 2030年3月期までに、オリックスグループの女性管理職比率を30%
4 循環型経済の推進と廃棄物削減の適切な処理を継続する。",10,循環経済,0.3233
"4 2030年3月期までに、オリックスグループのGHG（CO ）排出量を、
6 環境への影響を緩和するための商品・サービスの提供により、すべての関係者と共同で環境改善を促進する。",10,気候変動への適応,0.3032
"4 2030年3月期までに、オリックスグループのGHG（CO ）排出量を、
6 環境への影響を緩和するための商品・サービスの提供により、すべての関係者と共同で環境改善を促進する。",10,空気の汚染,0.3808
"4 2030年3月期までに、オリックスグループのGHG（CO ）排出量を、
6 環境への影響を緩和するための商品・サービスの提供により、すべての関係者と共同で環境改善を促進する。",10,水の汚染,0.3656
"4 2030年3月期までに、オリックスグループのGHG（CO ）排出量を、
6 環境への影響を緩和するための商品・サービスの提供により、すべての関係者と共同で環境改善を促進する。",10,生物および食料資源の汚染,0.3473
"4 2030年3月期までに、オリックスグループのGHG（CO ）排出量を、
6 環境への影響を緩和するための商品・サービスの提供により、すべての関係者と共同で環境改善を促進する。",10,健康と安全,0.3278
そして、ビジネスのグローバル化が進み、SDGsをはじ を行うことで、約1年半をかけてPurpose & Cultureが決定しました。,12,海洋資源の採取と利用,0.3071
そして、ビジネスのグローバル化が進み、SDGsをはじ を行うことで、約1年半をかけてPurpose & Cultureが決定しました。,12,健康と安全,0.329
そして、ビジネスのグローバル化が進み、SDGsをはじ を行うことで、約1年半をかけてPurpose & Cultureが決定しました。,12,企業文化,0.3737
"これまでのオリックスは「、企業として収
が共通の認識を持つことで、こうした世界的な流れに対応していくため、 にする共通の価値観」であるCultureによって、構成されています。",12,企業文化,0.3844
これは「、Purpose & Cultureは次世代のオ,12,生物および食料資源の汚染,0.3496
これは「、Purpose & Cultureは次世代のオ,12,水の消費と取水,0.3086
これは「、Purpose & Cultureは次世代のオ,12,健康と安全,0.3362
これは「、Purpose & Cultureは次世代のオ,12,平等と機会,0.327
これは「、Purpose & Cultureは次世代のオ,12,文化的権利,0.3871
これは「、Purpose & Cultureは次世代のオ,12,企業文化,0.4149
「企業が時代 Project（」Activation Project）が始動しました。,13,労働時間,0.4106
「企業が時代 Project（」Activation Project）が始動しました。,13,児童労働,0.3024
"私は昔から折に触れてオリックスと接点を持ち続けてきましたが、創 Purpose & Cultureに魂を入れる作業は、それぞれの組織の中で行
業時から受け継がれてきた自由闊達な企業風土は、今も健在であると感 わなければなりません。",14,労働時間,0.3065
"私は昔から折に触れてオリックスと接点を持ち続けてきましたが、創 Purpose & Cultureに魂を入れる作業は、それぞれの組織の中で行
業時から受け継がれてきた自由闊達な企業風土は、今も健在であると感 わなければなりません。",14,健康と安全,0.3242
"私は昔から折に触れてオリックスと接点を持ち続けてきましたが、創 Purpose & Cultureに魂を入れる作業は、それぞれの組織の中で行
業時から受け継がれてきた自由闊達な企業風土は、今も健在であると感 わなければなりません。",14,文化的権利,0.33
"私は昔から折に触れてオリックスと接点を持ち続けてきましたが、創 Purpose & Cultureに魂を入れる作業は、それぞれの組織の中で行
業時から受け継がれてきた自由闊達な企業風土は、今も健在であると感 わなければなりません。",14,企業文化,0.3987
"大企業に多く見られる組織内の政治的な駆け引きは行われてお Cultureを「従前からオリックスが受け継いできた要素をあらためて言語
らず、健全に動いているという印象を受けました。",14,企業文化,0.3168
"特に、Cultureの「挑戦をおもしろがる」という部分に、オリックスらしさ オリックスは昔からダイバーシティを自然に推進してきた会社ですが、
が表現されていると考えました。",14,企業文化,0.3316
"Purpose & Cultureを多様な事業・社員をつな
東京大学法学部、ハーバード・ビジネス・スクール卒業。",14,労働時間,0.3152
"Purpose & Cultureを多様な事業・社員をつな
東京大学法学部、ハーバード・ビジネス・スクール卒業。",14,企業文化,0.3501
"こうした中で、Purpose & Cultureは、グルー
プ全体に一つのつながりを持たせる機能を担っていくと考えています。",15,健康と安全,0.3761
"こうした中で、Purpose & Cultureは、グルー
プ全体に一つのつながりを持たせる機能を担っていくと考えています。",15,文化的権利,0.3247
"こうした中で、Purpose & Cultureは、グルー
プ全体に一つのつながりを持たせる機能を担っていくと考えています。",15,企業文化,0.3943
"Activation Projectの一環として
な議論を交わし、役員間でも意見交換を重ねました。",15,ロビー活動,0.3002
して価値を創出していくための指針になるのが、Purpose & Culture とが、私がオリックスに入社したきっかけです。,16,健康と安全,0.3411
して価値を創出していくための指針になるのが、Purpose & Culture とが、私がオリックスに入社したきっかけです。,16,平等と機会,0.3035
して価値を創出していくための指針になるのが、Purpose & Culture とが、私がオリックスに入社したきっかけです。,16,文化的権利,0.3495
して価値を創出していくための指針になるのが、Purpose & Culture とが、私がオリックスに入社したきっかけです。,16,企業文化,0.3797
"Purpose & Cultureを
Purpose & Cultureを本当の意味でグローバルに浸透させていくた であると考えています。",16,生物および食料資源の汚染,0.308
"Purpose & Cultureを
Purpose & Cultureを本当の意味でグローバルに浸透させていくた であると考えています。",16,健康と安全,0.3418
"Purpose & Cultureを
Purpose & Cultureを本当の意味でグローバルに浸透させていくた であると考えています。",16,文化的権利,0.3683
"Purpose & Cultureを
Purpose & Cultureを本当の意味でグローバルに浸透させていくた であると考えています。",16,企業文化,0.3783
"Purpose & Cultureの導入をきっかけに、社会価値と経済価値
“未来をひらくインパクト”とは は両輪であることをあらためて社員が認識していくことが必要でしょう。",16,健康と安全,0.334
"Purpose & Cultureの導入をきっかけに、社会価値と経済価値
“未来をひらくインパクト”とは は両輪であることをあらためて社員が認識していくことが必要でしょう。",16,企業文化,0.328
"一方で しかしながら、こうした外部環境の大幅な変化や不透明な環境が長 一代で築き上げた国内トップクラスの船主（船舶保有・貸渡）および船
新型コロナウイルス感染症が拡大した際に世界各国は、特に先進国 期化しても、オリックス自身は分散したポートフォリオがセグメントご 舶運航管理会社です。",25,空気の汚染,0.3236
"一方で しかしながら、こうした外部環境の大幅な変化や不透明な環境が長 一代で築き上げた国内トップクラスの船主（船舶保有・貸渡）および船
新型コロナウイルス感染症が拡大した際に世界各国は、特に先進国 期化しても、オリックス自身は分散したポートフォリオがセグメントご 舶運航管理会社です。",25,水の汚染,0.3023
"しかしながら、オリックスが50年以上に及び船舶事業を自ら営ん
中の金融市場では流動性が高い水準に留まり、これがグローバルな えます。",25,海洋資源の使用,0.304
"第二のキャピタルリサイクリングについて、これまでの事業売却は
利益の目標は不透明な環境に応じて若干修正したものの、2024年 第一のコアビジネスの育成ですが、この10年でオリックスは当期 売却益計上のために推進してきたわけではありません。",25,空気の汚染,0.3586
"第二のキャピタルリサイクリングについて、これまでの事業売却は
利益の目標は不透明な環境に応じて若干修正したものの、2024年 第一のコアビジネスの育成ですが、この10年でオリックスは当期 売却益計上のために推進してきたわけではありません。",25,水の汚染,0.3422
"第二のキャピタルリサイクリングについて、これまでの事業売却は
利益の目標は不透明な環境に応じて若干修正したものの、2024年 第一のコアビジネスの育成ですが、この10年でオリックスは当期 売却益計上のために推進してきたわけではありません。",25,生物および食料資源の汚染,0.3041
"第二のキャピタルリサイクリングについて、これまでの事業売却は
利益の目標は不透明な環境に応じて若干修正したものの、2024年 第一のコアビジネスの育成ですが、この10年でオリックスは当期 売却益計上のために推進してきたわけではありません。",25,循環経済,0.3143
"第三のグローバルビジネスの機動的な拡大と、第四のアセットマネ 合することは決して戦略的ではないので、リスクをコントロールしてア 成長率が期待できる地域であり、国ごとにリスクとチャンスをきめ細
ジメントの推進には、実はそれぞれの戦略が互いに関連する領域が大 セットライトに成長を推進していくことが重要になります。",26,健康と安全,0.3063
"「事業」と「投資」 イノベーションの支援、循環型経済の促進に寄与することで、金融 ①対象の産業力向上への貢献
は線引きが難しいところもありますが、当面、以下表のような分類で 部門の収益性と成長を具現化する。",27,健康と安全,0.3109
"アジア・豪州 ファイナンス部門 AMビジネス アジア（投資）
＊セグメント資産はいずれも平残",27,海洋資源の使用,0.3123
"アジア・豪州 ファイナンス部門 AMビジネス アジア（投資）
＊セグメント資産はいずれも平残",27,海洋資源の採取と利用,0.3452
"今後、外部 可欠ですので、オリックスでは若手人材育成と専門人材獲得の双方向
資金の調達（AUM）を有効活用する戦略を拡大する。",28,海洋資源の使用,0.3089
"今後、外部 可欠ですので、オリックスでは若手人材育成と専門人材獲得の双方向
資金の調達（AUM）を有効活用する戦略を拡大する。",28,海洋資源の採取と利用,0.3637
"新規投資においては、 国内・海外合わせて6,200億円の新規投資を行い、5,200億円を回収
の回復と想定していました。",29,水の消費と取水,0.3169
"新規投資においては、 国内・海外合わせて6,200億円の新規投資を行い、5,200億円を回収
の回復と想定していました。",29,海洋資源の採取と利用,0.3274
"有形資産の管理経験と豊富な金融面の知識を有しており、2024年3月末
資関連ビジネスは相対的に魅力が低下していましたが、今後の円金利の 「投資」では、1,864億円への増益を見込んでいます。",30,海洋資源の使用,0.3082
"有形資産の管理経験と豊富な金融面の知識を有しており、2024年3月末
資関連ビジネスは相対的に魅力が低下していましたが、今後の円金利の 「投資」では、1,864億円への増益を見込んでいます。",30,海洋資源の採取と利用,0.3003
東芝へのLP のような環境下においても適切な海外投資を行えるよう、リスクヘッジの ポートフォリオへと変化したことで、実質的な資本コストは低下しています。,31,気候変動への適応,0.3618
"多様な人材の受け入れと活躍推進 安心して自分らしく働くための環境整備
Purpose & Culture」の実現と企業価値の向上に寄与していきます。",33,健康と安全,0.342
"多様な人材の受け入れと活躍推進 安心して自分らしく働くための環境整備
Purpose & Culture」の実現と企業価値の向上に寄与していきます。",33,企業文化,0.3926
社内の年次エンゲージメントサーベイにおける質問項目「私の職場では“ORIX Group Purpose & Culture”を実践している」に対し肯定的な回答（５段階評価の上位２位）をした社員の割合。,33,労働時間,0.3183
社内の年次エンゲージメントサーベイにおける質問項目「私の職場では“ORIX Group Purpose & Culture”を実践している」に対し肯定的な回答（５段階評価の上位２位）をした社員の割合。,33,児童労働,0.3063
"こうして「巨大な蓄電池（蓄電所）を
て再生可能エネルギーの発電量の不安定性を克服する必要があるとい 自社で投資・保有する」というアイデアが生まれました。",34,エネルギー,0.3307
"持続的な事業成長のた 値観を持つ人材を積極的に受け入れることが、新たな価値創造を生むと は環境エネルギー、プライベートエクイティ投資等の注力分野に加え、DX、
めには、コアバリューの浸透とコアケイパビリティの強化を実現する土台 いう考えのもと、社員の多様性を受容・尊重するための各種施策を推進し セキュリティ、事業ガバナンス等に精通した人材の採用に注力しています。",38,健康と安全,0.3549
"オリックスは、男女雇用機会均等法の施行（1986年）以前から女性を 70.0%
積極的に採用してきました。",38,労働条件,0.3201
"オリックスは、男女雇用機会均等法の施行（1986年）以前から女性を 70.0%
積極的に採用してきました。",38,健康と安全,0.3164
"オリックスは、男女雇用機会均等法の施行（1986年）以前から女性を 70.0%
積極的に採用してきました。",38,平等と機会,0.3071
"までのキャリアや取り組んでいる自己研鑽についても紹介する実践的な 環境で仕事と育児を両立
講座です。",39,労働条件,0.3689
"までのキャリアや取り組んでいる自己研鑽についても紹介する実践的な 環境で仕事と育児を両立
講座です。",39,労働時間,0.3822
"までのキャリアや取り組んでいる自己研鑽についても紹介する実践的な 環境で仕事と育児を両立
講座です。",39,健康と安全,0.3258
"までのキャリアや取り組んでいる自己研鑽についても紹介する実践的な 環境で仕事と育児を両立
講座です。",39,児童労働,0.4121
"不動産
社員の健康増進に対する取り組み きく感謝しています。",39,健康と安全,0.3134
"ネットワークの活用により、DHCのさらなる成長ストーリーを描けたこと を生かし、オリックスとともに事業を成長させていこうとする私たちの姿
等を背景にDHCへの投資プロジェクトが開始しました。",40,健康と安全,0.3174
"オリックスとし 勢と熱意が、他の投資ファンドとの差別化につながり、DHCの心を動か
ても、ヘルスケア分野への投資で培った知見や、失敗経験を通じて得た したと感じます。",40,水の消費と取水,0.3386
"オリックスとし 勢と熱意が、他の投資ファンドとの差別化につながり、DHCの心を動か
ても、ヘルスケア分野への投資で培った知見や、失敗経験を通じて得た したと感じます。",40,健康と安全,0.4172
"（環境エネルギー）
① サプライチェーン管理体制を強化する。",41,エネルギー,0.3549
"（環境エネルギー）
① サプライチェーン管理体制を強化する。",41,生物および食料資源の汚染,0.3338
"（環境エネルギー）
① サプライチェーン管理体制を強化する。",41,海洋資源の使用,0.3092
"（環境エネルギー）
① サプライチェーン管理体制を強化する。",41,海洋資源の採取と利用,0.302
"（環境エネルギー）
① サプライチェーン管理体制を強化する。",41,循環経済,0.3698
"メンバー： グループCEO（委員長）、ESGに直接関わる部門の責任者、議案の内容
・ ESGスコアの評価・モニタリングと年次レビューの実施。",41,エネルギー,0.3142
"メンバー： グループCEO（委員長）、ESGに直接関わる部門の責任者、議案の内容
・ ESGスコアの評価・モニタリングと年次レビューの実施。",41,健康と安全,0.3061
"RobecoはTNFDのearly adopter
活動に活用する。",41,ロビー活動,0.3507
"2 事業者および投資家として、再生可能エネルギー分野における事業
発展に寄与する。",42,エネルギー,0.3625
"2 事業者および投資家として、再生可能エネルギー分野における事業
発展に寄与する。",42,生物および食料資源の汚染,0.348
"2 事業者および投資家として、再生可能エネルギー分野における事業
発展に寄与する。",42,海洋資源の採取と利用,0.3059
"2 事業者および投資家として、再生可能エネルギー分野における事業
発展に寄与する。",42,循環経済,0.3337
"2 事業者および投資家として、再生可能エネルギー分野における事業
発展に寄与する。",42,健康と安全,0.3493
2 国連世界人権宣言の支持、労働者の健康と安全・DE＆（I 多様性、公平 引き続き、人権デューデリジェンスを推進しています。,43,健康と安全,0.4678
2 国連世界人権宣言の支持、労働者の健康と安全・DE＆（I 多様性、公平 引き続き、人権デューデリジェンスを推進しています。,43,平等と機会,0.3844
2 国連世界人権宣言の支持、労働者の健康と安全・DE＆（I 多様性、公平 引き続き、人権デューデリジェンスを推進しています。,43,児童労働,0.3607
有効な対策をとらず地球温暖化が進めば、気候が大きく変動し、 オリックスでは、GHG（CO ）排出削減目標を次のように設定しています。,45,気候変動,0.3218
有効な対策をとらず地球温暖化が進めば、気候が大きく変動し、 オリックスでは、GHG（CO ）排出削減目標を次のように設定しています。,45,気候変動への適応,0.3499
有効な対策をとらず地球温暖化が進めば、気候が大きく変動し、 オリックスでは、GHG（CO ）排出削減目標を次のように設定しています。,45,気候変動の緩和,0.3246
有効な対策をとらず地球温暖化が進めば、気候が大きく変動し、 オリックスでは、GHG（CO ）排出削減目標を次のように設定しています。,45,空気の汚染,0.3445
② 2050年3月期までにGHG（CO ）排出量を実質的にゼロとする。,45,空気の汚染,0.362
② 2050年3月期までにGHG（CO ）排出量を実質的にゼロとする。,45,水の汚染,0.3192
② 2050年3月期までにGHG（CO ）排出量を実質的にゼロとする。,45,生物および食料資源の汚染,0.3536
"2021 ①保有・運営物件の設備更新を前倒しで進め、省エネ機器などを導入＊2
混焼発電所からの排出量は79.6万トンで、全体の70.6％を占めています。",45,水の消費と取水,0.3232
"2021 ①保有・運営物件の設備更新を前倒しで進め、省エネ機器などを導入＊2
混焼発電所からの排出量は79.6万トンで、全体の70.6％を占めています。",45,海洋資源の使用,0.3162
"2021 ①保有・運営物件の設備更新を前倒しで進め、省エネ機器などを導入＊2
混焼発電所からの排出量は79.6万トンで、全体の70.6％を占めています。",45,海洋資源の採取と利用,0.36
"▶ P.86 ESGデータ ▶▶▶ 環境パフォーマンスデータ
＊5 電気以外使用ベースの排出分に充当。",45,エネルギー,0.3211
"▶ P.86 ESGデータ ▶▶▶ 環境パフォーマンスデータ
＊5 電気以外使用ベースの排出分に充当。",45,海洋資源の使用,0.3021
日本 0.0 44.6 0.0 0.0 25.2 69.8 これにより、Amazonへの累計供給電力は約340MWとなる見込みです。,46,エネルギー,0.3735
される気候変動リスク低減に向けた討議、サステナビリティを取り巻く国 【シナリオ分析】 ＊ 海外現地法人における化石燃料採掘業やパーム油プランテーション、林業を指す。,47,気候変動への適応,0.3702
される気候変動リスク低減に向けた討議、サステナビリティを取り巻く国 【シナリオ分析】 ＊ 海外現地法人における化石燃料採掘業やパーム油プランテーション、林業を指す。,47,気候変動の緩和,0.3315
"急性 •被災可能性が高いエリアの不動産価格下落
気候変動の物理的な影響が顕在化する。",48,気候変動,0.4008
"急性 •被災可能性が高いエリアの不動産価格下落
気候変動の物理的な影響が顕在化する。",48,気候変動への適応,0.3895
"急性 •被災可能性が高いエリアの不動産価格下落
気候変動の物理的な影響が顕在化する。",48,気候変動の緩和,0.3902
"急性 •被災可能性が高いエリアの不動産価格下落
気候変動の物理的な影響が顕在化する。",48,生物および食料資源の汚染,0.3216
"急性 •被災可能性が高いエリアの不動産価格下落
気候変動の物理的な影響が顕在化する。",48,生物多様性の損失,0.3102
"生命保険 ALL 上記すべての事業
＊2 SSP（Shared Socioeconomic Pathways）：共通社会経済経路。",48,生物および食料資源の汚染,0.3282
"生命保険 ALL 上記すべての事業
＊2 SSP（Shared Socioeconomic Pathways）：共通社会経済経路。",48,循環経済,0.3274
"生命保険 ALL 上記すべての事業
＊2 SSP（Shared Socioeconomic Pathways）：共通社会経済経路。",48,労働条件,0.3037
"生命保険 ALL 上記すべての事業
＊2 SSP（Shared Socioeconomic Pathways）：共通社会経済経路。",48,健康と安全,0.4274
"生命保険 ALL 上記すべての事業
＊2 SSP（Shared Socioeconomic Pathways）：共通社会経済経路。",48,児童労働,0.3059
"気候変動に関する政府間パネル第6次評価報告書（IPCC AR6）において提示された、
気温上昇のモデル推計値。",48,気候変動,0.3848
"気候変動に関する政府間パネル第6次評価報告書（IPCC AR6）において提示された、
気温上昇のモデル推計値。",48,気候変動への適応,0.4276
"気候変動に関する政府間パネル第6次評価報告書（IPCC AR6）において提示された、
気温上昇のモデル推計値。",48,気候変動の緩和,0.3531
"気候変動に関する政府間パネル第6次評価報告書（IPCC AR6）において提示された、
気温上昇のモデル推計値。",48,空気の汚染,0.3049
"動を通じて間接的に、自然資本へ影響を与えるとと 依存 ・輸送業
サプライヤーの皆さまとともに、サービス品質向上を継続するとともに、環境負荷低減や人権尊重などのサステ もに依存しています。",49,生物および食料資源の汚染,0.3504
"● オ リックスとオリックス生命保険ではパートナーシップ構築宣言とマルチステークホルダー方針の策定・公開を 具体的には、ウミガメやオオサンショウウオなどの希少種の保全活動、館内ワークショップや地域の生態系を題材
行いました。",49,健康と安全,0.3044
"響を与える可能性があり、意思決定にサステナビリティを考慮することが事業を行う上で極めて重要な必須要件で
当社の事業活動において、自社の活動が直接人権侵害を引き起こす、または助長するリスク、そして当社のお客 あると認識しています。",50,健康と安全,0.3122
"● 人権尊重に関する取り組みについては、サステナビリティ委員会での審議および取締役会への報告が行われて
います。",50,健康と安全,0.3996
"● 人権尊重に関する取り組みについては、サステナビリティ委員会での審議および取締役会への報告が行われて
います。",50,平等と機会,0.3355
"● 人権尊重に関する取り組みについては、サステナビリティ委員会での審議および取締役会への報告が行われて
います。",50,児童労働,0.3028
"● 人権尊重に関する取り組みについては、サステナビリティ委員会での審議および取締役会への報告が行われて
います。",50,プライバシー,0.3841
"● 人権尊重に関する取り組みについては、サステナビリティ委員会での審議および取締役会への報告が行われて
います。",50,ロビー活動,0.3182
"オリックス・システム
AIの活用で医療保険の引受範囲を拡大へ 範囲を拡大する「新引受査定ルール」を構築し、運用を開始しました。",54,健康と安全,0.3287
"投資銀行本部副本部長、グローバル事業本部長などを経て、
2014年6月より取締役 兼 代表執行役社長・グループCEO（現任） 主な経歴 1989年クラウン・リーシング（株）入社。",58,海洋資源の採取と利用,0.314
"柳川 制度は整っていますし、良い風土も備わっていると思いますが、人
材の多様性の確保という点にはまだ課題があると思います。",61,健康と安全,0.3041
"これまでの知見を生かせる部分も多くありますが、新し
いフィールドの開拓には、海外の知見の活用や外国人の登用も重要で、巨 柳川 新しいことにチャレンジして未来を切り拓くのは、やはり「人」です。",61,水の消費と取水,0.3111
"これまでの知見を生かせる部分も多くありますが、新し
いフィールドの開拓には、海外の知見の活用や外国人の登用も重要で、巨 柳川 新しいことにチャレンジして未来を切り拓くのは、やはり「人」です。",61,海洋資源の使用,0.3257
"これまでの知見を生かせる部分も多くありますが、新し
いフィールドの開拓には、海外の知見の活用や外国人の登用も重要で、巨 柳川 新しいことにチャレンジして未来を切り拓くのは、やはり「人」です。",61,海洋資源の採取と利用,0.3436
"大な企業体となったオリックスのカルチャーをどう育み、定着させるかが そのため、部門ごとに高度な専門知識や能力が必要とされますが、これら
大きな課題となります。",61,企業文化,0.3369
また、 執行役（取締役を兼務する者を含む）に対する報酬方針 を業績指標とし、基準額に対し０％から200％の範囲で変動する。,64,労働条件,0.3078
"役員報酬の内容（2024年3月期）
（注1） 支給人員、支給額には、当期中に退任した執行役1名が含まれています。",65,適切な賃金,0.3647
"役員報酬の内容（2024年3月期）
（注1） 支給人員、支給額には、当期中に退任した執行役1名が含まれています。",65,労働時間,0.3608
"なお、当期に実際に
執行役 26 649 26 691 26 728 2,069 支給した株式報酬の総額は、当期中に退任した執行役1名に対して127百万円です。",65,適切な賃金,0.366
"○ ○＊ グループ執行役員＊
サステナビリティ委員会 ● サステナビリティ推進に関する重要な事項を審議する。",66,非常に懸念の高い物質,0.3039
"○ ○＊ グループ執行役員＊
投・融資委員会 ● 主として一定金額以上の投資・融資に関する案件を審議する。",66,非常に懸念の高い物質,0.301
"○ ○ グループ執行役員
部門戦略会議 ● 各部門の戦略や事業環境の変化などを議論する。",66,気候変動,0.305
"○ ○ グループ執行役員
部門戦略会議 ● 各部門の戦略や事業環境の変化などを議論する。",66,ロビー活動,0.3085
テクノロジー 主な経歴 1995年当社入社。,69,労働時間,0.3089
テクノロジー 主な経歴 1995年当社入社。,69,企業文化,0.3589
"オ
主な経歴 1990年当社入社。",69,企業文化,0.3067
"P.77
環境エネルギー 環境エネルギー グローバルに再生可能エネルギー事業を展開。",70,エネルギー,0.4261
"P.77
環境エネルギー 環境エネルギー グローバルに再生可能エネルギー事業を展開。",70,生物および食料資源の汚染,0.3474
"P.77
環境エネルギー 環境エネルギー グローバルに再生可能エネルギー事業を展開。",70,海洋資源の使用,0.3739
"P.77
環境エネルギー 環境エネルギー グローバルに再生可能エネルギー事業を展開。",70,海洋資源の採取と利用,0.3656
"P.77
環境エネルギー 環境エネルギー グローバルに再生可能エネルギー事業を展開。",70,循環経済,0.4193
"P.77
環境エネルギー 環境エネルギー グローバルに再生可能エネルギー事業を展開。",70,健康と安全,0.3087
"国内では廃棄物の収集・運搬、中間処理、再資源化の P.78
バリューチェーンを構築。",70,海洋資源の採取と利用,0.3253
保険 生命保険 死亡保険・医療保険などニーズに応える商品を提供。,70,健康と安全,0.444
輸送機器 輸送機器 航空機および船舶のリースやアセットマネジメントに関するノウハウを保有。,70,生物および食料資源の汚染,0.3074
輸送機器 輸送機器 航空機および船舶のリースやアセットマネジメントに関するノウハウを保有。,70,水の消費と取水,0.3148
輸送機器 輸送機器 航空機および船舶のリースやアセットマネジメントに関するノウハウを保有。,70,海洋資源の採取と利用,0.3155
ORIX USA ORIX USA 金融から事業投資まで、第三者の資金も活用し、米国企業に資金調達ソリューションを提供。,70,水の消費と取水,0.321
ORIX USA ORIX USA 金融から事業投資まで、第三者の資金も活用し、米国企業に資金調達ソリューションを提供。,70,海洋資源の使用,0.3388
ORIX USA ORIX USA 金融から事業投資まで、第三者の資金も活用し、米国企業に資金調達ソリューションを提供。,70,海洋資源の採取と利用,0.3472
ORIX USA ORIX USA 金融から事業投資まで、第三者の資金も活用し、米国企業に資金調達ソリューションを提供。,70,健康と安全,0.3026
"RobecoはESG投資の分野で高い専門性 P.83
を有す。",70,非常に懸念の高い物質,0.3085
"RobecoはESG投資の分野で高い専門性 P.83
を有す。",70,健康と安全,0.3102
アジア・豪州 アジア・豪州 アジア各国で主に金融サービスを現地のお客さまに提供。,70,海洋資源の使用,0.3147
"脱炭素化支援では、補助金を活用した省エネ設備の導入支援や太陽光発電
2024年3月期のレビュー 投資の支援を行い、お客さまの脱炭素化の推進に貢献。",72,水の消費と取水,0.3571
"脱炭素化支援では、補助金を活用した省エネ設備の導入支援や太陽光発電
2024年3月期のレビュー 投資の支援を行い、お客さまの脱炭素化の推進に貢献。",72,海洋資源の使用,0.3297
"脱炭素化支援では、補助金を活用した省エネ設備の導入支援や太陽光発電
2024年3月期のレビュー 投資の支援を行い、お客さまの脱炭素化の推進に貢献。",72,海洋資源の採取と利用,0.3661
"また、金利上昇局面において市場環境の変化を捉 お客さまのニーズを捉えたサービスを通じて、社会課題の解決に取り組
に取り組みます。",72,気候変動,0.3159
"また、金利上昇局面において市場環境の変化を捉 お客さまのニーズを捉えたサービスを通じて、社会課題の解決に取り組
に取り組みます。",72,気候変動への適応,0.3876
"● 予防医療事業を通じて、健康寿命の伸長や、医療費削減と医療保険制度の維持・
まな領域に及ぶサービスをワンストップで提供していきます。",72,健康と安全,0.4405
"健診センターで提供する予防医療サービスを軸に中小企業 （写真下）資本業務提携先の株式会社CMCでは、2023年3月から会員
の健康経営を支援します。",72,マイクロプラスチック,0.309
"健診センターで提供する予防医療サービスを軸に中小企業 （写真下）資本業務提携先の株式会社CMCでは、2023年3月から会員
の健康経営を支援します。",72,健康と安全,0.3492
"の三大疾病に関わる検査や日常の健康相談等の予防医療サービスを通
● DXやESG関連などのベンチャー企業に投資し、成長支援と協業を通じた新サー じて、中小企業の経営を健康面からサポートしています。",72,健康と安全,0.4138
"また、自社
整備工場やレンタカーFCなど各種パートナーとの関係を強化し、事業基盤の 施設・事業における脱炭素化についても推進・強化を継続します。",73,生物および食料資源の汚染,0.35
"また、自社
整備工場やレンタカーFCなど各種パートナーとの関係を強化し、事業基盤の 施設・事業における脱炭素化についても推進・強化を継続します。",73,健康と安全,0.3036
"応・働き方改革など、新たな需要に対応する新サービスを追加して顧客ニーズ ●トラックレンタル店舗、U-Car店舗および入札会場での使用電力グリーン化を
に対応します。",73,気候変動への適応,0.3417
"市場の入れ替え需要獲得に 連では、風況ドップラーライダーの提供に加え、燃料電池等の周辺機器や洋上の風
向けて活動を推進。",74,気候変動への適応,0.373
"これに向け、ハードウエア ● 循環型経済、気候変動の緩和、技術革新を促進する商材・サービスの開発を継
とともに付加価値の高いサービスを提供することで資産の積み上げを図ります。",74,気候変動への適応,0.3313
"＊2 水産資源や環境に配慮した、持続可能な漁業や養殖業により生産・流通される国際認証の水
産物。",75,水の汚染,0.3225
"＊2 水産資源や環境に配慮した、持続可能な漁業や養殖業により生産・流通される国際認証の水
産物。",75,生物および食料資源の汚染,0.4255
"＊2 水産資源や環境に配慮した、持続可能な漁業や養殖業により生産・流通される国際認証の水
産物。",75,水の消費と取水,0.3748
"＊2 水産資源や環境に配慮した、持続可能な漁業や養殖業により生産・流通される国際認証の水
産物。",75,海洋資源の使用,0.4137
"＊2 水産資源や環境に配慮した、持続可能な漁業や養殖業により生産・流通される国際認証の水
産物。",75,海洋資源の採取と利用,0.4517
"＊2 水産資源や環境に配慮した、持続可能な漁業や養殖業により生産・流通される国際認証の水
産物。",75,健康と安全,0.3392
地 ● 新規開発物件においては、原則、環境性能や安全・安心を第三者に明示できる外 して開発をしています。,75,健康と安全,0.3655
"断熱・高効率設備などの導入による省エネと太陽光発電設備の創エネ
● 不動産流通事業では、店舗統合で営業効率を改善します。",76,健康と安全,0.3081
"首都圏高額物件の買 ● 分譲マンションの開発では、ZEH-M Oriented仕様を基本とし、物件のエネル により、一次エネルギー消費量を全住戸で120%以上、住棟で110%
取再販の仕入れ・販売ルートを拡大し、収益向上を図ります。",76,水の消費と取水,0.3007
"海外ではスペインでElawan EnergyがAmazon 国内外で再生可能エネルギー事業の拡大を推進し、2024年３月末の稼働中の設備
向けのコーポレートPPAを締結。",79,エネルギー,0.3477
"フロンの循環
利用によりCO 排出量を削減し環境負荷低減に貢献する取り組みを推進。",79,気候変動の緩和,0.3405
"フロンの循環
利用によりCO 排出量を削減し環境負荷低減に貢献する取り組みを推進。",79,空気の汚染,0.38
"フロンの循環
利用によりCO 排出量を削減し環境負荷低減に貢献する取り組みを推進。",79,水の汚染,0.3521
"フロンの循環
利用によりCO 排出量を削減し環境負荷低減に貢献する取り組みを推進。",79,土壌汚染,0.3247
"フロンの循環
利用によりCO 排出量を削減し環境負荷低減に貢献する取り組みを推進。",79,生物および食料資源の汚染,0.305
"フロンの循環
利用によりCO 排出量を削減し環境負荷低減に貢献する取り組みを推進。",79,水の消費と取水,0.3188
"フロンの循環
利用によりCO 排出量を削減し環境負荷低減に貢献する取り組みを推進。",79,循環経済,0.3422
"2024年３月末で78％（2023年３月末64%）、Avolonは2023年12月末で60％
船舶事業：国内船主大手である三徳船舶株式会社の事業承継に伴い、株式を譲り （2022年１２月末55％）となった。",82,水の汚染,0.3112
"2024年３月末で78％（2023年３月末64%）、Avolonは2023年12月末で60％
船舶事業：国内船主大手である三徳船舶株式会社の事業承継に伴い、株式を譲り （2022年１２月末55％）となった。",82,海洋資源の使用,0.3425
"船舶事業：三徳船舶のM&Aに伴い、同社発注済みのLNGと重油のDual Fuel船
（最新鋭の環境低負荷船）を６隻獲得した（引き渡しは2025年〜2027年）。",82,水の汚染,0.3501
"船舶事業：三徳船舶のM&Aに伴い、同社発注済みのLNGと重油のDual Fuel船
（最新鋭の環境低負荷船）を６隻獲得した（引き渡しは2025年〜2027年）。",82,生物および食料資源の汚染,0.3312
"船舶事業：三徳船舶のM&Aに伴い、同社発注済みのLNGと重油のDual Fuel船
（最新鋭の環境低負荷船）を６隻獲得した（引き渡しは2025年〜2027年）。",82,水の消費と取水,0.3399
"船舶事業：三徳船舶のM&Aに伴い、同社発注済みのLNGと重油のDual Fuel船
（最新鋭の環境低負荷船）を６隻獲得した（引き渡しは2025年〜2027年）。",82,海洋資源の使用,0.3415
"船舶事業：三徳船舶のM&Aに伴い、同社発注済みのLNGと重油のDual Fuel船
（最新鋭の環境低負荷船）を６隻獲得した（引き渡しは2025年〜2027年）。",82,海洋資源の採取と利用,0.3594
"● 航空業界のCO 2 排出削減に対する社会からの強い要請を認識し、オペレーティ
●ノ ウハウと高い専門性を生かし、国内外の投資家向けの機体のアセットマネジメ ング・リース会社として航空会社の排出削減目標を補完します。",82,空気の汚染,0.3
●自 社で所有する船舶は、燃費の改善や環境負荷の低減ができる仕様を基本と 船員配乗を営む海運会社です。,82,海洋資源の採取と利用,0.3062
"燃費効率の悪い老齢船の売却とともに、LNG Dual Fuel船やメタノー ナ船など多種にわたる船舶を67隻保有し（2024年3月末時点、うち6隻
＊ M&A後の統合プロセス。",82,水の消費と取水,0.3126
"燃費効率の悪い老齢船の売却とともに、LNG Dual Fuel船やメタノー ナ船など多種にわたる船舶を67隻保有し（2024年3月末時点、うち6隻
＊ M&A後の統合プロセス。",82,海洋資源の使用,0.3406
"燃費効率の悪い老齢船の売却とともに、LNG Dual Fuel船やメタノー ナ船など多種にわたる船舶を67隻保有し（2024年3月末時点、うち6隻
＊ M&A後の統合プロセス。",82,海洋資源の採取と利用,0.3229
"船員の育成・派遣や船舶の保守管理を自
●サ ステナブル・リンク・ローンの取り組みを拡大します。",82,海洋資源の採取と利用,0.3402
"● 新たなプロダクトやサービスの提供により、事業の強化および多様化を目指し
ます。",83,生物および食料資源の汚染,0.3119
"● 新たなプロダクトやサービスの提供により、事業の強化および多様化を目指し
ます。",83,健康と安全,0.3947
た低所得者向け住宅（Aff ordable Housing）です。,83,適切な賃金,0.3272
た低所得者向け住宅（Aff ordable Housing）です。,83,障害者の雇用,0.3317
"化を採用、また、水使用効率を優先した設計がされる等、持続可能エネ
●サ ステナブル投資商品のローンチを進めます。",83,水の消費と取水,0.3949
"化を採用、また、水使用効率を優先した設計がされる等、持続可能エネ
●サ ステナブル投資商品のローンチを進めます。",83,海洋資源の使用,0.3053
"化を採用、また、水使用効率を優先した設計がされる等、持続可能エネ
●サ ステナブル投資商品のローンチを進めます。",83,海洋資源の採取と利用,0.3407
"Robeco：Net Zeroロードマップおよび生物多様性ロードマップに沿った活動を
継続します。",84,生物および食料資源の汚染,0.3516
"Robeco：Net Zeroロードマップおよび生物多様性ロードマップに沿った活動を
継続します。",84,健康と安全,0.3231
"Robeco：Net Zeroロードマップおよび生物多様性ロードマップに沿った活動を
継続します。",84,ロビー活動,0.3233
"これにより Transtrend：カーボンフットプリントの測定と報告をさらに改善することを目標と の役割や、当社が市場の機能に関する課題について、どのように取引所、
収益性の向上を図ります。",84,健康と安全,0.3114
"さらに、市場の機能に関する Harbor Capital：投資戦略へのESG要素の統合レベルに基づいて各
課題へのエンゲージメントを含め、責任ある投資家として役割を果たしていきます。",84,健康と安全,0.3046
"●ア ジア・豪州地域では市場機会や経済状況を鑑み、オーストラリアとインドネシ
アを最重点国として新規投資を推進します。",85,海洋資源の採取と利用,0.3098
"種に対する与信残高を縮小し、2030年までに2020年比で50％削減し、2040
● 中華圏では、中国での市場ポテンシャルが高い、再エネ、消費者金融、インフラ 年3月期までにゼロとします。",85,生物および食料資源の汚染,0.3268
"(cid:3996)(cid:2922)(cid:18179)(cid:18171)(cid:3532)(cid:12451)(cid:10220)(cid:18174)(cid:5127)(cid:6795)
● 一部国内賃貸資産について、省エネ法上のエネルギー管理権原を有する資産からの排出量を含む。",87,エネルギー,0.3019
"例えば自動車事業のカテゴリー13は、顧客の燃料消費 カテゴリー6（社員の出張による排出） 39 49
量をAMSカード（給油専用カード）のデータを基に推定し、排出量を算定しています。",88,水の消費と取水,0.3317
"例えば自動車事業のカテゴリー13は、顧客の燃料消費 カテゴリー6（社員の出張による排出） 39 49
量をAMSカード（給油専用カード）のデータを基に推定し、排出量を算定しています。",88,健康と安全,0.312
"TCFD提言に基づく情報開示 戦略（シナリオ分析）
環境エネルギー事業： 4℃シナリオでは、発電所の洪水被災による復旧費用の発生や、売上減少が想定されます。",89,気候変動への適応,0.32
"TCFD提言に基づく情報開示 戦略（シナリオ分析）
環境エネルギー事業： 4℃シナリオでは、発電所の洪水被災による復旧費用の発生や、売上減少が想定されます。",89,エネルギー,0.312
"TCFD提言に基づく情報開示 戦略（シナリオ分析）
環境エネルギー事業： 4℃シナリオでは、発電所の洪水被災による復旧費用の発生や、売上減少が想定されます。",89,生物および食料資源の汚染,0.3049
"TCFD提言に基づく情報開示 戦略（シナリオ分析）
環境エネルギー事業： 4℃シナリオでは、発電所の洪水被災による復旧費用の発生や、売上減少が想定されます。",89,水の消費と取水,0.3571
"TCFD提言に基づく情報開示 戦略（シナリオ分析）
環境エネルギー事業： 4℃シナリオでは、発電所の洪水被災による復旧費用の発生や、売上減少が想定されます。",89,循環経済,0.3367
なお、Elawan EnergyではSustainability Reportにて気候変動に関連するリスク・機会について開示しています。,89,気候変動,0.3555
なお、Elawan EnergyではSustainability Reportにて気候変動に関連するリスク・機会について開示しています。,89,気候変動への適応,0.413
なお、Elawan EnergyではSustainability Reportにて気候変動に関連するリスク・機会について開示しています。,89,気候変動の緩和,0.3354
なお、Elawan EnergyではSustainability Reportにて気候変動に関連するリスク・機会について開示しています。,89,エネルギー,0.341
なお、Elawan EnergyではSustainability Reportにて気候変動に関連するリスク・機会について開示しています。,89,健康と安全,0.3309
なお、Elawan EnergyではSustainability Reportにて気候変動に関連するリスク・機会について開示しています。,89,平等と機会,0.3181
"TCFD提言に基づく情報開示／戦略（シナリオ分析）
不動産事業： 4℃シナリオでは、一部の旅館・ホテルに洪水被災リスクが想定されます。",90,気候変動への適応,0.3005
"TCFD提言に基づく情報開示／戦略（シナリオ分析）
航空機事業： 4℃シナリオでは、気象災害によるリース機体への影響が想定されるものの、影響は限定的と考えられます。",91,気候変動,0.3141
"TCFD提言に基づく情報開示／戦略（シナリオ分析）
航空機事業： 4℃シナリオでは、気象災害によるリース機体への影響が想定されるものの、影響は限定的と考えられます。",91,気候変動への適応,0.384
"TCFD提言に基づく情報開示／戦略（シナリオ分析）
ファイナンス事業（日本、米国、アジア・豪州）： 4℃シナリオでは、気象災害による担保物件・顧客事業所などの被災リスクが想定されるものの、影響は軽微と考えられます。",92,気候変動への適応,0.3006
"社員一人当たり年平均研修費用（円） 90,810 55,520 67,285 98,646 112,825
＊7 ワーキングマザー比率：女性社員に占めるワーキングマザーの割合。",93,水の消費と取水,0.3017
"社員一人当たり年平均研修費用（円） 90,810 55,520 67,285 98,646 112,825
＊7 ワーキングマザー比率：女性社員に占めるワーキングマザーの割合。",93,労働条件,0.3417
"社員一人当たり年平均研修費用（円） 90,810 55,520 67,285 98,646 112,825
＊7 ワーキングマザー比率：女性社員に占めるワーキングマザーの割合。",93,適切な賃金,0.3737
"社員一人当たり年平均研修費用（円） 90,810 55,520 67,285 98,646 112,825
＊7 ワーキングマザー比率：女性社員に占めるワーキングマザーの割合。",93,労働時間,0.383
"社員一人当たり年平均研修費用（円） 90,810 55,520 67,285 98,646 112,825
＊7 ワーキングマザー比率：女性社員に占めるワーキングマザーの割合。",93,障害者の雇用,0.322
"社員一人当たり年平均研修費用（円） 90,810 55,520 67,285 98,646 112,825
＊7 ワーキングマザー比率：女性社員に占めるワーキングマザーの割合。",93,児童労働,0.3713
"＊9 育児休職および育児特別休暇取得（男性）：前年度に子が生まれた男性労働者の数に対する、前年中に新たに育児休職または育児特別休暇を取得した社員の数
＊3 オリックス単体：2024年3月末の社員数は2,929名、グループ連結社員数の8%。",93,水の消費と取水,0.326
"＊9 育児休職および育児特別休暇取得（男性）：前年度に子が生まれた男性労働者の数に対する、前年中に新たに育児休職または育児特別休暇を取得した社員の数
＊3 オリックス単体：2024年3月末の社員数は2,929名、グループ連結社員数の8%。",93,適切な賃金,0.3128
"＊9 育児休職および育児特別休暇取得（男性）：前年度に子が生まれた男性労働者の数に対する、前年中に新たに育児休職または育児特別休暇を取得した社員の数
＊3 オリックス単体：2024年3月末の社員数は2,929名、グループ連結社員数の8%。",93,労働時間,0.339
"＊9 育児休職および育児特別休暇取得（男性）：前年度に子が生まれた男性労働者の数に対する、前年中に新たに育児休職または育児特別休暇を取得した社員の数
＊3 オリックス単体：2024年3月末の社員数は2,929名、グループ連結社員数の8%。",93,健康と安全,0.3289
"＊9 育児休職および育児特別休暇取得（男性）：前年度に子が生まれた男性労働者の数に対する、前年中に新たに育児休職または育児特別休暇を取得した社員の数
＊3 オリックス単体：2024年3月末の社員数は2,929名、グループ連結社員数の8%。",93,障害者の雇用,0.3937
"＊9 育児休職および育児特別休暇取得（男性）：前年度に子が生まれた男性労働者の数に対する、前年中に新たに育児休職または育児特別休暇を取得した社員の数
＊3 オリックス単体：2024年3月末の社員数は2,929名、グループ連結社員数の8%。",93,児童労働,0.4225
"男性社員の育児参加機
＊5 男女の賃金の差異：出向者については、他社から対象会社への受入出向者を含み、対象会社から他社への外部出向者を除いて集計。",93,障害者の雇用,0.312
"男性社員の育児参加機
＊5 男女の賃金の差異：出向者については、他社から対象会社への受入出向者を含み、対象会社から他社への外部出向者を除いて集計。",93,児童労働,0.3307
"※ 上記以外のグループ連結およびオリックス単体の人材関連データ、グループ9社（2023年3月期まではグループ10社）
＊10 育児休職後の復職率：（2024年3月期の場合）2024年3月期中に育児休職終了日を迎えた社員数に対し、復職した社員の割合。",93,児童労働,0.3151
"（注10） 2021年3月期より、会計基準書アップデート第2016-13号（金融商品の信用損失の測定―会計基準編纂書326（信用損失））を適用しており、貸倒引当金繰
（注2） 2015年3月期より、連結貸借対照表および連結損益計算書の分類方法を変更しています。",95,生物および食料資源の汚染,0.3026
"ORIX（China）Investment Co., Ltd. 中国 その他金融サービス 2009年12月 100% ＊2 上場している企業です。",101,循環経済,0.313
